<?xml version = '1.0' encoding = 'UTF-8'?>
<Table class="oracle.dbtools.crest.model.design.relational.Table" directorySegmentName="seg_0" id="2D8D5942-12BD-C58E-A697-F5031F6C2EF2" name="DVD_Catalog">
<createdBy>JkL</createdBy>
<createdTime>2024-09-09 02:20:32 UTC</createdTime>
<generatorID>00B1A15D-7070-4DE1-6B29-B055EB248A13</generatorID>
<ownerDesignName>HW1</ownerDesignName>
<allowColumnReorder>false</allowColumnReorder>
<existDependencyGenerateInDDl>true</existDependencyGenerateInDDl>
<parsed>true</parsed>
<columns itemClass="oracle.dbtools.crest.model.design.relational.Column">
<Column name="CatalogNumber" id="97AE32CC-BDE5-7ABC-B330-974D25B23B26">
<createdBy>JkL</createdBy>
<createdTime>2024-09-09 02:20:32 UTC</createdTime>
<generatorID>DC9366CB-93F1-4BCA-4307-6E5AFB03A251</generatorID>
<ownerDesignName>HW1</ownerDesignName>
<use>0</use>
<logicalDatatype>LOGDT019</logicalDatatype>
<domain>C63FD9F5-425F-1EC5-585C-478D5EB0AFEA</domain>
<ownDataTypeParameters>,,</ownDataTypeParameters>
<autoIncrementCycle>false</autoIncrementCycle>
</Column>
<Column name="Title" id="A56DE5F8-C029-6E3B-D7D1-D9430FC94E3D">
<createdBy>JkL</createdBy>
<createdTime>2024-09-09 02:20:32 UTC</createdTime>
<generatorID>AA259103-7705-0E85-F339-2F3544431F5E</generatorID>
<ownerDesignName>HW1</ownerDesignName>
<nullsAllowed>true</nullsAllowed>
<use>0</use>
<logicalDatatype>LOGDT024</logicalDatatype>
<domain>5B48C91E-4D6B-7802-6F83-6052CBD4E135</domain>
<ownDataTypeParameters>,,</ownDataTypeParameters>
<autoIncrementCycle>false</autoIncrementCycle>
</Column>
<Column name="Category" id="E9631110-2D57-5D3A-83AC-18647B313D0A">
<createdBy>JkL</createdBy>
<createdTime>2024-09-09 02:20:32 UTC</createdTime>
<generatorID>F664CB1D-F356-9CA2-094A-C6A6A55FDEAC</generatorID>
<ownerDesignName>HW1</ownerDesignName>
<nullsAllowed>true</nullsAllowed>
<useDomainConstraints>false</useDomainConstraints>
<use>1</use>
<logicalDatatype>LOGDT024</logicalDatatype>
<dataTypeSize>20 CHAR</dataTypeSize>
<ownDataTypeParameters>20 CHAR,,</ownDataTypeParameters>
<autoIncrementCycle>false</autoIncrementCycle>
</Column>
<Column name="Director" id="D7B9595A-9E1A-22A3-4BB7-7B4124EF7D84">
<createdBy>JkL</createdBy>
<createdTime>2024-09-09 02:20:32 UTC</createdTime>
<generatorID>D02FDED6-9406-C06D-3223-772F4E57E348</generatorID>
<ownerDesignName>HW1</ownerDesignName>
<nullsAllowed>true</nullsAllowed>
<use>0</use>
<logicalDatatype>LOGDT024</logicalDatatype>
<domain>B244AA77-3B82-5ACF-E04B-D8CAF1BC4AF7</domain>
<ownDataTypeParameters>,,</ownDataTypeParameters>
<autoIncrementCycle>false</autoIncrementCycle>
</Column>
<Column name="MainActors" id="6762C358-30B8-4890-7695-79A55EE0FED2">
<createdBy>JkL</createdBy>
<createdTime>2024-09-09 02:20:32 UTC</createdTime>
<generatorID>26EE72D4-A35E-F8FB-8CD9-F5CA019F5283</generatorID>
<ownerDesignName>HW1</ownerDesignName>
<nullsAllowed>true</nullsAllowed>
<use>0</use>
<logicalDatatype>LOGDT024</logicalDatatype>
<domain>B244AA77-3B82-5ACF-E04B-D8CAF1BC4AF7</domain>
<ownDataTypeParameters>,,</ownDataTypeParameters>
<autoIncrementCycle>false</autoIncrementCycle>
</Column>
<Column name="Cost" id="7C62E96B-E750-A175-FF3C-861EE8AEA3A9">
<createdBy>JkL</createdBy>
<createdTime>2024-09-09 02:20:32 UTC</createdTime>
<generatorID>2E178D8E-2E97-8A19-CC6E-5C807117EC21</generatorID>
<ownerDesignName>HW1</ownerDesignName>
<nullsAllowed>true</nullsAllowed>
<useDomainConstraints>false</useDomainConstraints>
<use>1</use>
<logicalDatatype>LOGDT019</logicalDatatype>
<dataTypePrecision>11</dataTypePrecision>
<dataTypeScale>2</dataTypeScale>
<ownDataTypeParameters>,11,2</ownDataTypeParameters>
<autoIncrementCycle>false</autoIncrementCycle>
</Column>
</columns>
<indexes itemClass="oracle.dbtools.crest.model.design.relational.Index">
<ind_PK_UK id="DBD10EF8-6BB4-63FA-561A-C433E8F44D1B" name="DVD_Catalog_PK">
<createdBy>JkL</createdBy>
<createdTime>2024-09-09 02:20:32 UTC</createdTime>
<generatorID>18E2D07B-2245-CCAD-2183-DA2B898D7B5A</generatorID>
<ownerDesignName>HW1</ownerDesignName>
<pk>true</pk>
<indexState>Primary Constraint</indexState>
<isSurrogateKey>false</isSurrogateKey>
<indexColumnUsage>
<colUsage columnID="97AE32CC-BDE5-7ABC-B330-974D25B23B26"/>
</indexColumnUsage>
</ind_PK_UK>
</indexes>
</Table>