<?xml version = '1.0' encoding = 'UTF-8'?>
<Table class="oracle.dbtools.crest.model.design.relational.Table" directorySegmentName="seg_0" id="74A9589A-4A2E-AB41-FE8A-022FE987C0A8" name="DVD_Copies">
<createdBy>JkL</createdBy>
<createdTime>2024-09-09 02:20:32 UTC</createdTime>
<generatorID>D63C88AD-DD36-A217-7E9E-A9B3C1E286D6</generatorID>
<ownerDesignName>HW1</ownerDesignName>
<allowColumnReorder>false</allowColumnReorder>
<existDependencyGenerateInDDl>true</existDependencyGenerateInDDl>
<parsed>true</parsed>
<columns itemClass="oracle.dbtools.crest.model.design.relational.Column">
<Column name="DVDNumber" id="8B439492-44B0-C20C-FD47-092A8EF69A42">
<createdBy>JkL</createdBy>
<createdTime>2024-09-09 02:20:32 UTC</createdTime>
<generatorID>7F9F4DA2-4C01-2E61-69E5-57223200AB23</generatorID>
<ownerDesignName>HW1</ownerDesignName>
<use>0</use>
<logicalDatatype>LOGDT019</logicalDatatype>
<domain>C63FD9F5-425F-1EC5-585C-478D5EB0AFEA</domain>
<ownDataTypeParameters>,,</ownDataTypeParameters>
<autoIncrementCycle>false</autoIncrementCycle>
</Column>
<Column name="Status" id="C5291BA6-F34E-CDAE-15B3-F88C6DE24FD8">
<createdBy>JkL</createdBy>
<createdTime>2024-09-09 02:20:32 UTC</createdTime>
<generatorID>212A50E8-D766-0E9C-070F-ED0D1A110574</generatorID>
<ownerDesignName>HW1</ownerDesignName>
<nullsAllowed>true</nullsAllowed>
<useDomainConstraints>false</useDomainConstraints>
<use>1</use>
<logicalDatatype>LOGDT024</logicalDatatype>
<dataTypeSize>10 CHAR</dataTypeSize>
<ownDataTypeParameters>10 CHAR,,</ownDataTypeParameters>
<autoIncrementCycle>false</autoIncrementCycle>
</Column>
<Column name="DailyRentals" id="A9BFB27D-223D-A3E2-32D4-D601E3684C00">
<createdBy>JkL</createdBy>
<createdTime>2024-09-09 02:20:32 UTC</createdTime>
<generatorID>DDB0F1B1-744F-D2F6-A957-C460ABC73036</generatorID>
<ownerDesignName>HW1</ownerDesignName>
<nullsAllowed>true</nullsAllowed>
<useDomainConstraints>false</useDomainConstraints>
<use>1</use>
<logicalDatatype>LOGDT019</logicalDatatype>
<dataTypePrecision>3</dataTypePrecision>
<ownDataTypeParameters>,3,</ownDataTypeParameters>
<autoIncrementCycle>false</autoIncrementCycle>
</Column>
<Column name="Branch_BranchID" id="9DC6916A-AEC9-FFF2-956E-F33A0F9AFD2B">
<createdBy>JkL</createdBy>
<createdTime>2024-09-09 02:20:32 UTC</createdTime>
<generatorID>1B85A357-0D00-4325-E1D4-484453C492CF</generatorID>
<ownerDesignName>HW1</ownerDesignName>
<nullsAllowed>true</nullsAllowed>
<use>0</use>
<logicalDatatype>LOGDT019</logicalDatatype>
<domain>C63FD9F5-425F-1EC5-585C-478D5EB0AFEA</domain>
<ownDataTypeParameters>,,</ownDataTypeParameters>
<previousColumn>false</previousColumn>
<autoIncrementCycle>false</autoIncrementCycle>
<associations>
<colAssociation fkAssociation="B77B8A99-314A-9195-DD5C-1290F0A92839" referredColumn="9BEDEE7C-CE04-FB06-E8DE-7A0A43EC3410"/>
</associations>
</Column>
<Column name="DVD_Catalog_CatalogNumber" id="B1123433-A064-9EDC-9437-007D4B32FF69">
<createdBy>JkL</createdBy>
<createdTime>2024-09-09 02:20:32 UTC</createdTime>
<generatorID>81A8B692-E45A-AA17-27F3-862810245437</generatorID>
<ownerDesignName>HW1</ownerDesignName>
<nullsAllowed>true</nullsAllowed>
<use>0</use>
<logicalDatatype>LOGDT019</logicalDatatype>
<domain>C63FD9F5-425F-1EC5-585C-478D5EB0AFEA</domain>
<ownDataTypeParameters>,,</ownDataTypeParameters>
<previousColumn>false</previousColumn>
<autoIncrementCycle>false</autoIncrementCycle>
<associations>
<colAssociation fkAssociation="CA0F44BC-BF61-BCDC-FB4D-9BD3AFD259D6" referredColumn="97AE32CC-BDE5-7ABC-B330-974D25B23B26"/>
</associations>
</Column>
</columns>
<indexes itemClass="oracle.dbtools.crest.model.design.relational.Index">
<ind_PK_UK id="144D57FC-DC65-B738-2723-6D2680B8B284" name="DVD_Copies_PK">
<createdBy>JkL</createdBy>
<createdTime>2024-09-09 02:20:32 UTC</createdTime>
<generatorID>01C06456-55D2-AC87-18A8-35FC6E209006</generatorID>
<ownerDesignName>HW1</ownerDesignName>
<pk>true</pk>
<indexState>Primary Constraint</indexState>
<isSurrogateKey>false</isSurrogateKey>
<indexColumnUsage>
<colUsage columnID="8B439492-44B0-C20C-FD47-092A8EF69A42"/>
</indexColumnUsage>
</ind_PK_UK>
<ind_PK_UK id="2ACA1E70-9BC4-38CA-550E-84635E82C127" name="DVD_Copies_DVD_Catalog_FK">
<createdBy>JkL</createdBy>
<createdTime>2024-09-09 02:20:32 UTC</createdTime>
<generatorID>27D25502-E992-108D-5E08-D91438A116F8</generatorID>
<ownerDesignName>HW1</ownerDesignName>
<indexState>Foreign Key</indexState>
<isSurrogateKey>false</isSurrogateKey>
<indexColumnUsage>
<colUsage columnID="B1123433-A064-9EDC-9437-007D4B32FF69"/>
</indexColumnUsage>
</ind_PK_UK>
<ind_PK_UK id="EFE8798D-F55A-3523-8A74-766FB85EA937" name="DVD_Copies_Branch_FK">
<createdBy>JkL</createdBy>
<createdTime>2024-09-09 02:20:32 UTC</createdTime>
<generatorID>2BF2EBC7-244C-2705-6FA2-E2CB66BC34B9</generatorID>
<ownerDesignName>HW1</ownerDesignName>
<indexState>Foreign Key</indexState>
<isSurrogateKey>false</isSurrogateKey>
<indexColumnUsage>
<colUsage columnID="9DC6916A-AEC9-FFF2-956E-F33A0F9AFD2B"/>
</indexColumnUsage>
</ind_PK_UK>
</indexes>
</Table>