<?xml version = '1.0' encoding = 'UTF-8'?>
<Table class="oracle.dbtools.crest.model.design.relational.Table" directorySegmentName="seg_0" id="E160C562-9559-EDC9-DA15-0254F6065BA8" name="Member">
<createdBy>JkL</createdBy>
<createdTime>2024-09-09 02:20:32 UTC</createdTime>
<generatorID>D07A6523-8F60-2E23-B275-3717FF51026F</generatorID>
<ownerDesignName>HW1</ownerDesignName>
<allowColumnReorder>false</allowColumnReorder>
<existDependencyGenerateInDDl>true</existDependencyGenerateInDDl>
<parsed>true</parsed>
<columns itemClass="oracle.dbtools.crest.model.design.relational.Column">
<Column name="MemberID" id="88F5E9C8-03DD-7C5D-6D06-B63E3D8595C8">
<createdBy>JkL</createdBy>
<createdTime>2024-09-09 02:20:32 UTC</createdTime>
<generatorID>F8EB757D-7365-857D-418E-F5367278FFB9</generatorID>
<ownerDesignName>HW1</ownerDesignName>
<use>0</use>
<logicalDatatype>LOGDT019</logicalDatatype>
<domain>C63FD9F5-425F-1EC5-585C-478D5EB0AFEA</domain>
<ownDataTypeParameters>,,</ownDataTypeParameters>
<autoIncrementCycle>false</autoIncrementCycle>
</Column>
<Column name="FirstName" id="3891416F-CD4F-E462-366C-BF89641E3DE5">
<createdBy>JkL</createdBy>
<createdTime>2024-09-09 02:20:32 UTC</createdTime>
<generatorID>74989F70-38C0-95F5-5320-AABE4CD11AA1</generatorID>
<ownerDesignName>HW1</ownerDesignName>
<nullsAllowed>true</nullsAllowed>
<use>0</use>
<logicalDatatype>LOGDT024</logicalDatatype>
<domain>B244AA77-3B82-5ACF-E04B-D8CAF1BC4AF7</domain>
<ownDataTypeParameters>,,</ownDataTypeParameters>
<autoIncrementCycle>false</autoIncrementCycle>
</Column>
<Column name="LastName" id="3EF6309D-D7C9-A787-7A40-D92525DE8839">
<createdBy>JkL</createdBy>
<createdTime>2024-09-09 02:20:32 UTC</createdTime>
<generatorID>FE604C84-EE65-AF52-A378-844EE94C59DB</generatorID>
<ownerDesignName>HW1</ownerDesignName>
<nullsAllowed>true</nullsAllowed>
<use>0</use>
<logicalDatatype>LOGDT024</logicalDatatype>
<domain>B244AA77-3B82-5ACF-E04B-D8CAF1BC4AF7</domain>
<ownDataTypeParameters>,,</ownDataTypeParameters>
<autoIncrementCycle>false</autoIncrementCycle>
</Column>
<Column name="Address" id="7DC83A60-3DCC-8295-A49C-2CA6C5E55678">
<createdBy>JkL</createdBy>
<createdTime>2024-09-09 02:20:32 UTC</createdTime>
<generatorID>8345755C-D67C-DBB4-F285-FD93094CEEB7</generatorID>
<ownerDesignName>HW1</ownerDesignName>
<nullsAllowed>true</nullsAllowed>
<use>0</use>
<logicalDatatype>LOGDT024</logicalDatatype>
<domain>DBD05EAD-49F1-DC8A-B290-62BA2107BFDC</domain>
<ownDataTypeParameters>,,</ownDataTypeParameters>
<autoIncrementCycle>false</autoIncrementCycle>
</Column>
<Column name="RegistrationDate" id="123C6510-A47B-7972-90EC-17101DCDD357">
<createdBy>JkL</createdBy>
<createdTime>2024-09-09 02:20:32 UTC</createdTime>
<generatorID>3076FCBB-B779-17EE-6AE5-AF3FB9B503E0</generatorID>
<ownerDesignName>HW1</ownerDesignName>
<nullsAllowed>true</nullsAllowed>
<useDomainConstraints>false</useDomainConstraints>
<use>1</use>
<logicalDatatype>LOGDT007</logicalDatatype>
<ownDataTypeParameters>,,</ownDataTypeParameters>
<autoIncrementCycle>false</autoIncrementCycle>
</Column>
<Column name="Branch_BranchID" id="26A7EE71-CAA7-A57E-6EB8-94E14DE22055">
<createdBy>JkL</createdBy>
<createdTime>2024-09-09 02:20:32 UTC</createdTime>
<generatorID>BB491D88-2483-446A-CE5C-57BFA73C424E</generatorID>
<ownerDesignName>HW1</ownerDesignName>
<nullsAllowed>true</nullsAllowed>
<use>0</use>
<logicalDatatype>LOGDT019</logicalDatatype>
<domain>C63FD9F5-425F-1EC5-585C-478D5EB0AFEA</domain>
<ownDataTypeParameters>,,</ownDataTypeParameters>
<previousColumn>false</previousColumn>
<autoIncrementCycle>false</autoIncrementCycle>
<associations>
<colAssociation fkAssociation="0C886E4D-0890-DD6C-EF69-E10D80C8157C" referredColumn="9BEDEE7C-CE04-FB06-E8DE-7A0A43EC3410"/>
</associations>
</Column>
</columns>
<indexes itemClass="oracle.dbtools.crest.model.design.relational.Index">
<ind_PK_UK id="05E9CF26-824F-85EB-290A-4B5002F6398A" name="Member_PK">
<createdBy>JkL</createdBy>
<createdTime>2024-09-09 02:20:32 UTC</createdTime>
<generatorID>E7829FA2-DBE2-15E9-F1F8-0FE7F4D4171C</generatorID>
<ownerDesignName>HW1</ownerDesignName>
<pk>true</pk>
<indexState>Primary Constraint</indexState>
<isSurrogateKey>false</isSurrogateKey>
<indexColumnUsage>
<colUsage columnID="88F5E9C8-03DD-7C5D-6D06-B63E3D8595C8"/>
</indexColumnUsage>
</ind_PK_UK>
<ind_PK_UK id="5626F22D-714D-65C5-5D66-9F13D0BC0E1E" name="Member_Branch_FK">
<createdBy>JkL</createdBy>
<createdTime>2024-09-09 02:20:32 UTC</createdTime>
<generatorID>BA8A6331-54C0-0C78-286E-A20E2D0A5629</generatorID>
<ownerDesignName>HW1</ownerDesignName>
<indexState>Foreign Key</indexState>
<isSurrogateKey>false</isSurrogateKey>
<indexColumnUsage>
<colUsage columnID="26A7EE71-CAA7-A57E-6EB8-94E14DE22055"/>
</indexColumnUsage>
</ind_PK_UK>
</indexes>
</Table>