<?xml version = '1.0' encoding = 'UTF-8'?>
<FKIndexAssociation class="oracle.dbtools.crest.model.design.relational.FKIndexAssociation" directorySegmentName="seg_0" id="340A0F0E-2AB8-95EB-0A82-E608CF821DEB" containerWithKeyObject="89808CE9-AC57-6CFA-E8F8-57F93D0FD281" localFKIndex="9D4A6795-1467-5837-E553-5E8E6239E04D" name="Staff_Branch_FK">
<createdBy>JkL</createdBy>
<createdTime>2024-09-09 02:20:32 UTC</createdTime>
<generatorID>2567B238-D343-655E-D662-0BAA1F08104F</generatorID>
<ownerDesignName>HW1</ownerDesignName>
<referredTableLongName>Branch</referredTableLongName>
<deleteRule>NO ACTION</deleteRule>
<referredTableID>BFCB6BAB-C1A8-D5C5-87D0-3A86D9D14CA2</referredTableID>
<keyObject>3BCE161F-E818-BC8B-9495-37E244CE2509</keyObject>
<referredKeyID>3BCE161F-E818-BC8B-9495-37E244CE2509</referredKeyID>
<mandatory>true</mandatory>
<refColNames>BranchID</refColNames>
<transferable>true</transferable>
<rely>false</rely>
<columnDependencyConstraintGenerateInDDL>true</columnDependencyConstraintGenerateInDDL>
</FKIndexAssociation>