<?xml version = '1.0' encoding = 'UTF-8'?>
<Entity class="oracle.dbtools.crest.model.design.logical.Entity" directorySegmentName="seg_0" id="32100C6A-13D9-5D9A-02D6-205696B3E4EC" name="Staff">
<createdBy>JkL</createdBy>
<createdTime>2024-09-09 01:21:42 UTC</createdTime>
<ownerDesignName>HW1</ownerDesignName>
<engineerTo>
<item key="6B079A24-1C7B-85BF-98E2-57C2883E9D4C" value="true"/>
</engineerTo>
<adequatelyNormalized>NO</adequatelyNormalized>
<expectedVolumes>0</expectedVolumes>
<fwdEngineeringStrategyName>Single Table</fwdEngineeringStrategyName>
<growthPercent>0</growthPercent>
<growthType>Year</growthType>
<maxVolumes>9999999</maxVolumes>
<minVolumes>0</minVolumes>
<normalForm>Third</normalForm>
<attributes itemClass="oracle.dbtools.crest.model.design.logical.Attribute">
<Attribute name="StaffID" id="222B9E8F-2517-71FE-CCBC-57C16E85D76D">
<createdBy>JkL</createdBy>
<createdTime>2024-09-09 01:21:48 UTC</createdTime>
<ownerDesignName>HW1</ownerDesignName>
<engineerTo>
<item key="6B079A24-1C7B-85BF-98E2-57C2883E9D4C" value="true"/>
</engineerTo>
<use>0</use>
<logicalDatatype>LOGDT019</logicalDatatype>
<domain>C63FD9F5-425F-1EC5-585C-478D5EB0AFEA</domain>
<ownDataTypeParameters>,,</ownDataTypeParameters>
</Attribute>
<Attribute name="Name" id="69EBF94C-5025-D343-E2B7-2E5A5903DF7E">
<createdBy>JkL</createdBy>
<createdTime>2024-09-09 01:21:56 UTC</createdTime>
<ownerDesignName>HW1</ownerDesignName>
<engineerTo>
<item key="6B079A24-1C7B-85BF-98E2-57C2883E9D4C" value="true"/>
</engineerTo>
<nullsAllowed>true</nullsAllowed>
<use>0</use>
<logicalDatatype>LOGDT024</logicalDatatype>
<domain>B244AA77-3B82-5ACF-E04B-D8CAF1BC4AF7</domain>
<ownDataTypeParameters>,,</ownDataTypeParameters>
</Attribute>
<Attribute name="Position" id="5DA4E25B-DB41-78CD-2628-DAE10FC07549">
<createdBy>JkL</createdBy>
<createdTime>2024-09-09 01:23:27 UTC</createdTime>
<ownerDesignName>HW1</ownerDesignName>
<engineerTo>
<item key="6B079A24-1C7B-85BF-98E2-57C2883E9D4C" value="true"/>
</engineerTo>
<nullsAllowed>true</nullsAllowed>
<use>0</use>
<logicalDatatype>LOGDT024</logicalDatatype>
<domain>5B48C91E-4D6B-7802-6F83-6052CBD4E135</domain>
<ownDataTypeParameters>,,</ownDataTypeParameters>
</Attribute>
<Attribute name="Salary" id="8D6B77AE-2FAD-F4DD-DD0B-B59EFDEAE25E">
<createdBy>JkL</createdBy>
<createdTime>2024-09-09 01:23:51 UTC</createdTime>
<ownerDesignName>HW1</ownerDesignName>
<engineerTo>
<item key="6B079A24-1C7B-85BF-98E2-57C2883E9D4C" value="true"/>
</engineerTo>
<nullsAllowed>true</nullsAllowed>
<useDomainConstraints>false</useDomainConstraints>
<use>1</use>
<logicalDatatype>LOGDT019</logicalDatatype>
<dataTypePrecision>10</dataTypePrecision>
<dataTypeScale>2</dataTypeScale>
<ownDataTypeParameters>,10,2</ownDataTypeParameters>
</Attribute>
<Attribute name="BranchID" id="106E3C3F-94F9-6C5F-4CD8-6A969D63DF1B">
<createdBy>JkL</createdBy>
<createdTime>2024-09-09 01:26:15 UTC</createdTime>
<generatorID>2567B238-D343-655E-D662-0BAA1F08104F</generatorID>
<ownerDesignName>HW1</ownerDesignName>
<engineerTo>
<item key="6B079A24-1C7B-85BF-98E2-57C2883E9D4C" value="true"/>
</engineerTo>
<referedAttribute>4C4201A6-58BB-F410-F898-9D5E15B3CF28</referedAttribute>
<use>0</use>
<logicalDatatype>LOGDT019</logicalDatatype>
<domain>C63FD9F5-425F-1EC5-585C-478D5EB0AFEA</domain>
<ownDataTypeParameters>,,</ownDataTypeParameters>
</Attribute>
</attributes>
<identifiers itemClass="oracle.dbtools.crest.model.design.logical.CandidateKey">
<identifier id="C717D0EC-27BC-FDDC-79B0-5BF2B79C7B31" name="Staff PK">
<createdBy>JkL</createdBy>
<createdTime>2024-09-09 01:21:55 UTC</createdTime>
<ownerDesignName>HW1</ownerDesignName>
<engineerTo>
<item key="6B079A24-1C7B-85BF-98E2-57C2883E9D4C" value="true"/>
</engineerTo>
<pk>true</pk>
<usedAttributes>
<attributeRef>222B9E8F-2517-71FE-CCBC-57C16E85D76D</attributeRef>
</usedAttributes>
</identifier>
</identifiers>
</Entity>