<?xml version = '1.0' encoding = 'UTF-8'?>
<Entity class="oracle.dbtools.crest.model.design.logical.Entity" directorySegmentName="seg_0" id="D63C88AD-DD36-A217-7E9E-A9B3C1E286D6" name="DVD_Copies">
<createdBy>JkL</createdBy>
<createdTime>2024-09-09 01:43:22 UTC</createdTime>
<ownerDesignName>HW1</ownerDesignName>
<engineerTo>
<item key="6B079A24-1C7B-85BF-98E2-57C2883E9D4C" value="true"/>
</engineerTo>
<adequatelyNormalized>NO</adequatelyNormalized>
<expectedVolumes>0</expectedVolumes>
<fwdEngineeringStrategyName>Single Table</fwdEngineeringStrategyName>
<growthPercent>0</growthPercent>
<growthType>Year</growthType>
<maxVolumes>9999999</maxVolumes>
<minVolumes>0</minVolumes>
<normalForm>Third</normalForm>
<attributes itemClass="oracle.dbtools.crest.model.design.logical.Attribute">
<Attribute name="DVDNumber" id="7F9F4DA2-4C01-2E61-69E5-57223200AB23">
<createdBy>JkL</createdBy>
<createdTime>2024-09-09 01:43:32 UTC</createdTime>
<ownerDesignName>HW1</ownerDesignName>
<engineerTo>
<item key="6B079A24-1C7B-85BF-98E2-57C2883E9D4C" value="true"/>
</engineerTo>
<use>0</use>
<logicalDatatype>LOGDT019</logicalDatatype>
<domain>C63FD9F5-425F-1EC5-585C-478D5EB0AFEA</domain>
<ownDataTypeParameters>,,</ownDataTypeParameters>
</Attribute>
<Attribute name="Status" id="212A50E8-D766-0E9C-070F-ED0D1A110574">
<createdBy>JkL</createdBy>
<createdTime>2024-09-09 01:43:41 UTC</createdTime>
<ownerDesignName>HW1</ownerDesignName>
<engineerTo>
<item key="6B079A24-1C7B-85BF-98E2-57C2883E9D4C" value="true"/>
</engineerTo>
<nullsAllowed>true</nullsAllowed>
<useDomainConstraints>false</useDomainConstraints>
<use>1</use>
<logicalDatatype>LOGDT024</logicalDatatype>
<dataTypeSize>10 CHAR</dataTypeSize>
<ownDataTypeParameters>10 CHAR,,</ownDataTypeParameters>
</Attribute>
<Attribute name="DailyRentals" id="DDB0F1B1-744F-D2F6-A957-C460ABC73036">
<createdBy>JkL</createdBy>
<createdTime>2024-09-09 01:47:59 UTC</createdTime>
<ownerDesignName>HW1</ownerDesignName>
<engineerTo>
<item key="6B079A24-1C7B-85BF-98E2-57C2883E9D4C" value="true"/>
</engineerTo>
<nullsAllowed>true</nullsAllowed>
<useDomainConstraints>false</useDomainConstraints>
<use>1</use>
<logicalDatatype>LOGDT019</logicalDatatype>
<dataTypePrecision>3</dataTypePrecision>
<ownDataTypeParameters>,3,</ownDataTypeParameters>
</Attribute>
<Attribute name="BranchID" id="1B85A357-0D00-4325-E1D4-484453C492CF">
<createdBy>JkL</createdBy>
<createdTime>2024-09-09 01:49:53 UTC</createdTime>
<generatorID>2BF2EBC7-244C-2705-6FA2-E2CB66BC34B9</generatorID>
<ownerDesignName>HW1</ownerDesignName>
<engineerTo>
<item key="6B079A24-1C7B-85BF-98E2-57C2883E9D4C" value="true"/>
</engineerTo>
<nullsAllowed>true</nullsAllowed>
<referedAttribute>4C4201A6-58BB-F410-F898-9D5E15B3CF28</referedAttribute>
<use>0</use>
<logicalDatatype>LOGDT019</logicalDatatype>
<domain>C63FD9F5-425F-1EC5-585C-478D5EB0AFEA</domain>
<ownDataTypeParameters>,,</ownDataTypeParameters>
</Attribute>
<Attribute name="CatalogNumber" id="81A8B692-E45A-AA17-27F3-862810245437">
<createdBy>JkL</createdBy>
<createdTime>2024-09-09 01:50:27 UTC</createdTime>
<generatorID>27D25502-E992-108D-5E08-D91438A116F8</generatorID>
<ownerDesignName>HW1</ownerDesignName>
<engineerTo>
<item key="6B079A24-1C7B-85BF-98E2-57C2883E9D4C" value="true"/>
</engineerTo>
<nullsAllowed>true</nullsAllowed>
<referedAttribute>DC9366CB-93F1-4BCA-4307-6E5AFB03A251</referedAttribute>
<use>0</use>
<logicalDatatype>LOGDT019</logicalDatatype>
<domain>C63FD9F5-425F-1EC5-585C-478D5EB0AFEA</domain>
<ownDataTypeParameters>,,</ownDataTypeParameters>
</Attribute>
</attributes>
<identifiers itemClass="oracle.dbtools.crest.model.design.logical.CandidateKey">
<identifier id="01C06456-55D2-AC87-18A8-35FC6E209006" name="DVD_Copies PK">
<createdBy>JkL</createdBy>
<createdTime>2024-09-09 01:43:39 UTC</createdTime>
<ownerDesignName>HW1</ownerDesignName>
<engineerTo>
<item key="6B079A24-1C7B-85BF-98E2-57C2883E9D4C" value="true"/>
</engineerTo>
<pk>true</pk>
<usedAttributes>
<attributeRef>7F9F4DA2-4C01-2E61-69E5-57223200AB23</attributeRef>
</usedAttributes>
</identifier>
</identifiers>
</Entity>