<?xml version = '1.0' encoding = 'UTF-8'?>
<Relation class="oracle.dbtools.crest.model.design.logical.Relation" name="Works For" directorySegmentName="seg_0" id="2567B238-D343-655E-D662-0BAA1F08104F">
<createdBy>JkL</createdBy>
<createdTime>2024-09-09 01:26:15 UTC</createdTime>
<ownerDesignName>HW1</ownerDesignName>
<engineerTo>
<item key="6B079A24-1C7B-85BF-98E2-57C2883E9D4C" value="true"/>
</engineerTo>
<sourcePk>F22E1874-2C90-B0CC-588B-CA64AA2B2E57</sourcePk>
<identifying>false</identifying>
<optionalSource>false</optionalSource>
<optionalTarget>false</optionalTarget>
<sourceCardinality>1</sourceCardinality>
<sourceEntity>E8AA8316-9332-6F8C-227E-DC16D71E052E</sourceEntity>
<targetCardinalityString>*</targetCardinalityString>
<targetEntity>32100C6A-13D9-5D9A-02D6-205696B3E4EC</targetEntity>
<transferable>true</transferable>
<deleteRule>NO ACTION</deleteRule>
</Relation>