<?xml version = '1.0' encoding = 'UTF-8'?>
<Relation class="oracle.dbtools.crest.model.design.logical.Relation" name="Registered" directorySegmentName="seg_0" id="BA8A6331-54C0-0C78-286E-A20E2D0A5629">
<createdBy>JkL</createdBy>
<createdTime>2024-09-09 01:58:59 UTC</createdTime>
<ownerDesignName>HW1</ownerDesignName>
<engineerTo>
<item key="6B079A24-1C7B-85BF-98E2-57C2883E9D4C" value="true"/>
</engineerTo>
<sourcePk>F22E1874-2C90-B0CC-588B-CA64AA2B2E57</sourcePk>
<identifying>false</identifying>
<optionalSource>false</optionalSource>
<optionalTarget>true</optionalTarget>
<sourceCardinality>1</sourceCardinality>
<sourceEntity>E8AA8316-9332-6F8C-227E-DC16D71E052E</sourceEntity>
<targetCardinalityString>*</targetCardinalityString>
<targetEntity>D07A6523-8F60-2E23-B275-3717FF51026F</targetEntity>
<transferable>true</transferable>
<deleteRule>NO ACTION</deleteRule>
</Relation>