<?xml version = '1.0' encoding = 'UTF-8'?>
<Relation class="oracle.dbtools.crest.model.design.logical.Relation" name="Manages" directorySegmentName="seg_0" id="E5309D7D-E04A-9D81-FB76-55BAC79D564D">
<createdBy>JkL</createdBy>
<createdTime>2024-09-09 01:38:06 UTC</createdTime>
<ownerDesignName>HW1</ownerDesignName>
<engineerTo>
<item key="6B079A24-1C7B-85BF-98E2-57C2883E9D4C" value="true"/>
</engineerTo>
<sourcePk>F22E1874-2C90-B0CC-588B-CA64AA2B2E57</sourcePk>
<targetPk>73081E7F-17CF-FA72-A791-6E0D1D9BC0F9</targetPk>
<identifying>false</identifying>
<optionalSource>false</optionalSource>
<optionalTarget>false</optionalTarget>
<sourceCardinality>1</sourceCardinality>
<sourceEntity>E8AA8316-9332-6F8C-227E-DC16D71E052E</sourceEntity>
<targetCardinalityString>1</targetCardinalityString>
<targetEntity>6F9CD8B7-7922-A2D3-180E-F2C85F3C467C</targetEntity>
<transferable>true</transferable>
<deleteRule>NO ACTION</deleteRule>
</Relation>