<?xml version = '1.0' encoding = 'UTF-8'?>
<Relation class="oracle.dbtools.crest.model.design.logical.Relation" name="Rents" directorySegmentName="seg_0" id="F874F332-2F06-0C20-BE7D-C54F16078699">
<createdBy>JkL</createdBy>
<createdTime>2024-09-09 02:02:50 UTC</createdTime>
<ownerDesignName>HW1</ownerDesignName>
<engineerTo>
<item key="6B079A24-1C7B-85BF-98E2-57C2883E9D4C" value="true"/>
</engineerTo>
<sourcePk>E7829FA2-DBE2-15E9-F1F8-0FE7F4D4171C</sourcePk>
<identifying>false</identifying>
<optionalSource>false</optionalSource>
<optionalTarget>true</optionalTarget>
<sourceCardinality>1</sourceCardinality>
<sourceEntity>D07A6523-8F60-2E23-B275-3717FF51026F</sourceEntity>
<targetCardinalityString>*</targetCardinalityString>
<targetEntity>A6E096F5-FE59-D002-CD03-C9759E848827</targetEntity>
<transferable>true</transferable>
<deleteRule>NO ACTION</deleteRule>
</Relation>